Date,Content
2021-04-25,https://boxd.it/1OKq1p
2021-05-11,https://boxd.it/1QZAnX
2021-08-12,https://boxd.it/1RPkYx
2021-08-12,https://boxd.it/23RSED
2022-08-09,https://boxd.it/36ZGM7
2022-08-10,https://boxd.it/378Dq1
2022-10-31,https://boxd.it/3nAvlx
2023-01-03,https://boxd.it/3D7NYD
2023-01-07,https://boxd.it/3EUORb
2023-01-09,https://boxd.it/3EwRah
2023-03-14,https://boxd.it/3YS2aJ
2023-05-16,https://boxd.it/4fGVzX
2023-09-14,https://boxd.it/4QnSkP
2023-09-17,https://boxd.it/MUqF
2023-11-01,https://boxd.it/55DDI5
2023-11-06,https://boxd.it/57eIHp
2023-11-14,https://boxd.it/59SV8v
2023-12-17,https://boxd.it/5kXngJ
2024-02-09,https://boxd.it/qnICD
2024-02-09,https://boxd.it/1C27Bx
2024-04-17,https://boxd.it/6hW5zR
2024-06-01,https://boxd.it/1jTj8n
2024-06-17,https://boxd.it/6GGCJ9
2025-03-03,https://boxd.it/8BLqHB
2025-07-09,https://boxd.it/afoeXJ
2025-08-02,https://boxd.it/1dGJNL
2025-08-08,https://boxd.it/aE4jH7
2025-12-09,https://boxd.it/8cToSD
2025-12-09,https://boxd.it/8nuTj
2026-01-11,https://boxd.it/13rBhH
2026-01-11,https://boxd.it/KsoiX
2026-02-17,https://boxd.it/d7rFQj
2026-02-17,https://boxd.it/d7rKPl
2026-02-22,https://boxd.it/der0cv
2026-03-11,https://boxd.it/dsNn8h
2026-03-16,https://boxd.it/dxead9
